ProviderName,
186 Communications
American Student Assistance
AT&T US - 7018
"Bigleaf Networks, Inc."
Boston GigaPoP
Broadview Networks
CELLCO
Charter Communications
"Cogent Communications, Inc."
Colleges of the Fenway
Comcast
Comcast - New England
Consolidated Communications - NNE
"Deltacom, Inc."
DSCI
Expedient
GTT Communications (AS3257)
HopOne Internet Corp.
Lightower Fiber Networks
Lumen AS 3356
Lumen AS209
Major League Baseball Advanced Media
Markley Cloud Services
Massachusetts Institute of Technology
Nitel
North Atlantic Networks
OPAQ Networks
RCN
SES Networks
Sprint
Starry
T-Mobile USA
TelePacific Communications
Tierpoint 33251
TierPoint Boston
USAI.NET
Verizon
Windstream Communications
XO Communications
Yahoo!